mois,M01AB_export,M01AE_export,N02BA_export,N02BE_export,N05B_export,N05C_export,R03_export,R06_export,M01AB_recalcule,M01AE_recalcule,N02BA_recalcule,N02BE_recalcule,N05B_recalcule,N05C_recalcule,R03_recalcule,R06_recalcule,M01AB_ecart_%,M01AE_ecart_%,N02BA_ecart_%,N02BE_ecart_%,N05B_ecart_%,N05C_ecart_%,R03_ecart_%,R06_ecart_%
2014-01,132.02,99.75000000000004,154.59999999999997,915.03,360.0,50.0,115.0,52.2,132.02,99.75,154.6,915.03,360.0,30,115.0,52.2,0.0,0.0,-0.0,0.0,0.0,66.7,0.0,0.0
2014-04,119.44000000000004,91.47500000000002,132.89999999999998,718.5000000000001,216.0,18.0,97.0,77.7,119.44,91.475,127.15,718.5,216.0,18,97.0,77.7,0.0,0.0,4.5,0.0,0.0,0.0,0.0,0.0
2014-08,134.79000000000005,99.7800000000001,123.8,583.8499999999999,420.0,29.0,37.0,70.80000000000001,124.78999999999999,99.78,123.8,547.35,420.0,29,37.0,70.8,8.0,0.0,0.0,6.7,0.0,0.0,0.0,0.0
2014-09,108.78000000000004,109.0940000000001,122.09999999999998,887.8199999999999,399.0,14.0,115.0,58.8,108.78,109.094,112.1,887.8199999999999,399.0,14,115.0,58.8,0.0,0.0,8.9,0.0,0.0,0.0,0.0,0.0
2014-10,151.97500000000002,185.7206875000001,193.6625,1830.0931249999996,469.9375,29.375,179.0,74.6125,98.42,109.231,142.6,1046.415,430.0,19,157.0,46.8,54.4,70.0,35.8,74.9,9.3,54.6,14.0,59.4
2015-03,156.04000000000005,129.38599999999997,133.8,1084.85,208.0,13.0,195.0,54.0,156.04,129.386,133.8,1084.85,208.0,13,170.0,54.0,0.0,-0.0,0.0,0.0,0.0,0.0,14.7,0.0
2015-06,151.87000000000003,113.69,145.46,746.788,217.0,12.0,193.0,125.79999999999998,151.87,113.69,145.46,715.413,217.0,12,193.0,125.8,0.0,0.0,0.0,4.4,0.0,0.0,0.0,-0.0
2015-11,152.78000000000006,128.233,145.90000000000003,1277.725,228.0,18.0,195.0,44.0,142.78,128.233,145.9,1234.975,228.0,18,165.0,44.0,7.0,0.0,0.0,3.5,0.0,0.0,18.2,0.0
2016-03,156.64000000000004,180.5890000000001,148.4,1150.7000000000005,250.0,13.0,253.0,97.84,156.64,165.589,148.4,1150.7,250.0,13,253.0,97.84,0.0,9.1,0.0,0.0,0.0,0.0,0.0,0.0
2016-04,166.6100000000001,146.52600000000007,147.7,998.3370000000004,318.0,18.0,216.0,162.39999999999998,166.61,146.526,147.7,998.337,292.0,18,216.0,162.4,0.0,0.0,0.0,0.0,8.9,0.0,0.0,-0.0
2016-05,171.36,127.52100000000002,131.54999999999998,1018.5499999999998,281.0,19.0,135.0,142.1,171.36,127.521,131.55,1018.55,261.0,19,135.0,142.1,0.0,0.0,-0.0,-0.0,7.7,0.0,0.0,0.0
2016-06,169.67000000000002,114.961,117.75,760.05,311.0,20.0,127.0,134.8,169.67,114.961,117.75,760.05,280.5,20,127.0,134.8,0.0,0.0,0.0,0.0,10.9,0.0,0.0,0.0
2016-07,203.97000000000017,141.01900000000003,137.89999999999998,652.3619999999999,240.0,8.0,109.0,116.83,194.528333333,141.019,137.9,652.362,240.0,8,109.0,116.83,4.9,0.0,-0.0,-0.0,0.0,0.0,0.0,0.0
2016-08,211.13000000000017,114.37499999999996,132.7,753.0500000000002,275.5,12.0,116.0,85.3,211.13,114.375,132.7,686.38333334,275.5,12,116.0,85.3,0.0,-0.0,0.0,9.7,0.0,0.0,0.0,0.0
2016-10,186.7600000000001,142.0560000000001,160.15,1617.275000000001,312.0,11.0,220.0,60.9,186.76,142.056,160.15,1583.69166667,290.83333333,11,220.0,60.9,0.0,0.0,0.0,2.1,7.3,0.0,0.0,0.0
2016-11,175.18000000000012,116.84999999999997,133.85000000000002,1062.6860000000004,246.0,27.0,150.0,51.2,166.846666667,116.85,133.85,1062.686,234.16666667,27,150.0,51.2,5.0,-0.0,0.0,0.0,5.1,0.0,0.0,0.0
2016-12,172.66000000000005,140.05599999999998,134.68399999999997,1670.9350000000002,263.0,21.0,281.0,38.9,172.66,140.056,125.100666667,1670.935,232.33333333,21,281.0,38.9,0.0,-0.0,7.7,0.0,13.2,0.0,0.0,0.0
2017-03,162.85000000000002,111.055,107.35,612.5000000000002,165.0,9.0,139.0,100.1,162.85,111.055,107.35,612.5,165.0,9,109.0,100.1,0.0,0.0,0.0,0.0,0.0,0.0,27.5,0.0
2017-04,160.61000000000004,105.261,100.5,588.1999999999999,135.0,9.0,216.0,127.4,160.61,105.26100000000001,100.5,588.2,135.0,9,187.875,127.4,0.0,-0.0,0.0,-0.0,0.0,0.0,15.0,0.0
2017-06,122.33,103.006,119.6,496.1,163.0,8.0,163.0,151.89999999999998,122.33,103.006,99.6,496.1,163.0,8,163.0,151.9,0.0,0.0,20.1,0.0,0.0,0.0,0.0,-0.0
2017-07,159.67,116.20600000000005,75.19999999999999,479.35,219.0,15.0,115.0,81.1,150.295,116.206,75.2,479.35,219.0,15,115.0,81.1,6.2,0.0,-0.0,0.0,0.0,0.0,0.0,0.0
2018-02,128.36,132.80400000000014,114.65000000000002,1255.3740000000007,268.0,12.0,253.0,39.06,128.36,132.804,114.65,1255.374,268.0,12,224.25,39.06,0.0,0.0,0.0,0.0,0.0,0.0,12.8,0.0
2018-04,171.02000000000004,110.482,85.60000000000001,854.237,297.0,22.0,229.0,201.1,171.02,110.482,85.6,821.487,297.0,15,229.0,201.1,0.0,0.0,0.0,4.0,0.0,46.7,0.0,0.0
2018-05,160.52000000000004,103.522,89.39999999999999,644.6480000000004,259.0,13.0,192.0,213.04,160.52,103.522,89.4,644.648,259.0,13,167.0,213.04,0.0,0.0,-0.0,0.0,0.0,0.0,15.0,0.0
2018-10,144.71000000000004,129.4000000000001,76.05000000000001,1129.275,287.0,25.0,353.0,76.9,144.71,129.4,76.05,1129.275,287.0,25,327.0,76.9,0.0,0.0,0.0,0.0,0.0,0.0,8.0,0.0
2018-12,167.88000000000002,122.26699999999998,91.75,1360.95,271.0,32.0,432.0,60.1,167.88,122.267,91.75,1360.95,271.0,32,402.0,60.1,0.0,-0.0,0.0,0.0,0.0,0.0,7.5,0.0
2019-01,184.71000000000004,240.34400000000016,109.6,1822.774,318.2,24.0,392.0,43.3,184.71,207.639,109.6,1822.774,318.2,24,392.0,43.3,0.0,15.8,0.0,0.0,0.0,0.0,0.0,0.0
2019-04,169.40000000000003,112.12300000000003,96.09999999999998,689.0500000000001,317.4,22.0,266.0,190.6,169.4,112.12299999999999,96.1,689.05,317.4,22,226.0,190.6,0.0,0.0,-0.0,0.0,0.0,0.0,17.7,0.0
2019-05,168.04000000000005,97.25800000000004,104.1,703.5620000000001,265.79999999999995,26.0,322.0,135.4,168.04,97.258,104.1,703.562,265.8,26,298.29166667,135.4,0.0,0.0,0.0,0.0,-0.0,0.0,7.9,0.0
2019-07,181.0,103.54100000000004,92.8,649.8,250.6,20.0,115.0,105.2,181.0,103.541,92.8,620.675,250.6,20,115.0,105.2,0.0,0.0,0.0,4.7,0.0,0.0,0.0,0.0
2019-09,161.07000000000005,111.43700000000008,93.5,984.48,227.8,16.0,161.0,109.1,161.07,111.437,93.5,984.48,227.8,16,121.416666667,109.1,0.0,0.0,0.0,0.0,0.0,0.0,32.6,0.0
