date_fin_mois,M01AB,M01AE,N02BA,N02BE,N05B,N05C,R03,R06,mois_complet
2014-01-31,132.02,99.75,154.6,915.03,360.0,30,115.0,52.2,False
2014-02-28,133.32,126.05,177.0,1001.9,347.0,31,122.0,36.2,True
2014-03-31,137.44,92.95,147.655,779.275,232.0,20,112.0,85.4,True
2014-04-30,119.44,91.475,127.15,718.5,216.0,18,97.0,77.7,True
2014-05-31,103.46,125.93299999999999,135.1,640.78,273.0,23,108.0,127.7,True
2014-06-30,112.07,94.71,122.9,548.225,323.0,23,57.0,109.3,True
2014-07-31,117.06,95.00999999999999,129.3,491.9,348.0,21,61.0,69.1,True
2014-08-31,124.78999999999999,99.78,123.8,547.35,420.0,29,37.0,70.8,True
2014-09-30,108.78,109.094,112.1,887.8199999999999,399.0,14,115.0,58.8,True
2014-10-31,98.42,109.231,142.6,1046.415,430.0,19,157.0,46.8,True
2014-11-30,138.08,100.86,142.7,723.8,489.0,19,112.0,45.2,True
2014-12-31,143.9,130.302,113.324,1036.16,525.0,26,163.0,35.4,True
2015-01-31,142.57999999999998,145.085,148.9,1096.34,478.0,24,216.25,46.3,True
2015-02-28,115.71,123.74,131.83,953.2520000000001,243.0,9,208.0,47.0,True
2015-03-31,156.04,129.386,133.8,1084.85,208.0,13,170.0,54.0,True
2015-04-30,157.84,104.455,122.10000000000001,1013.67,197.0,5,97.0,124.4,True
2015-05-31,160.02,119.117,136.04,765.9,194.0,10,100.0,159.5,True
2015-06-30,151.87,113.69,145.46,715.413,217.0,12,193.0,125.8,True
2015-07-31,175.60999999999999,113.81,125.5,708.828,203.0,6,60.0,130.3,True
2015-08-31,181.69,144.519,133.4,790.788,265.5,15,45.0,83.7,True
2015-09-30,166.22,134.122,110.4,852.125,243.5,11,91.0,71.0,True
2015-10-31,195.81,127.231,146.2,1574.335,222.0,8,184.0,72.0,True
2015-11-30,142.78,128.233,145.9,1234.975,228.0,18,165.0,44.0,True
2015-12-31,168.14,134.49099999999999,142.0,1293.399,289.0,28,243.0,42.73,True
2016-01-31,188.31,138.458,187.0,1616.5240000000001,256.0,26,180.0,58.5,True
2016-02-29,173.81,137.528,134.2,1224.862,239.0,20,245.0,58.0,True
2016-03-31,156.64,165.589,148.4,1150.7,250.0,13,253.0,97.84,True
2016-04-30,166.61,146.526,147.7,998.337,292.0,18,216.0,162.4,True
2016-05-31,171.36,127.521,131.55,1018.55,261.0,19,135.0,142.1,True
2016-06-30,169.67,114.961,117.75,760.05,280.5,20,127.0,134.8,True
2016-07-31,194.528333333,141.019,137.9,652.362,240.0,8,109.0,116.83,True
2016-08-31,211.13,114.375,132.7,686.38333334,275.5,12,116.0,85.3,True
2016-09-30,172.96,126.218,116.7,1118.699,307.0,18,121.0,69.3,True
2016-10-31,186.76,142.056,160.15,1583.69166667,290.83333333,11,220.0,60.9,True
2016-11-30,166.846666667,116.85,133.85,1062.686,234.16666667,27,150.0,51.2,True
2016-12-31,172.66,140.056,125.100666667,1670.935,232.33333333,21,281.0,38.9,True
2017-01-31,184.53,156.56,122.1,1462.812,247.0,24,198.0,42.1,True
2017-02-28,151.985,124.969,128.15,709.912,157.875,7,126.0,34.6,True
2017-03-31,162.85,111.055,107.35,612.5,165.0,9,109.0,100.1,True
2017-04-30,160.61,105.26100000000001,100.5,588.2,135.0,9,187.875,127.4,True
2017-05-31,143.66,118.125,98.95,547.9399999999999,148.0,23,128.0,161.81,True
2017-06-30,122.33,103.006,99.6,496.1,163.0,8,163.0,151.9,True
2017-07-31,150.295,116.206,75.2,479.35,219.0,15,115.0,81.1,True
2017-08-31,170.15,112.47,84.39999999999999,549.3,239.0,12,75.0,60.1,True
2017-09-30,138.33,118.711,88.15,863.75,223.0,23,139.0,66.9,True
2017-10-31,140.97,93.803,102.4,1241.95,233.0,15,252.0,52.0,True
2017-11-30,163.85,119.78,104.45,867.899,192.0,15,196.0,46.6,True
2017-12-31,162.51,123.762,118.15,1064.08,234.0,6,209.0,49.1,True
2018-01-31,151.44,116.281,109.15,1255.125,240.0,11,222.0,54.0,True
2018-02-28,128.36,132.804,114.65,1255.374,268.0,12,224.25,39.06,True
2018-03-31,146.16,111.764,122.3,999.123,381.0,42,269.0,85.5,True
2018-04-30,171.02,110.482,85.6,821.487,297.0,15,229.0,201.1,True
2018-05-31,160.52,103.522,89.4,644.648,259.0,13,167.0,213.04,True
2018-06-30,141.18,114.226,86.8,584.343,248.0,18,101.0,120.8,True
2018-07-31,150.18,132.549,87.2,679.35,283.0,19,90.0,122.2,True
2018-08-31,140.0,114.719,88.25,733.838,253.0,20,159.0,103.1,True
2018-09-30,153.52,114.99199999999999,86.5,1058.262,263.0,12,205.0,88.1,True
2018-10-31,144.71,129.4,76.05,1129.275,287.0,25,327.0,76.9,True
2018-11-30,172.29,105.487,102.15,995.15,252.2,22,311.0,48.4,True
2018-12-31,167.88,122.267,91.75,1360.95,271.0,32,402.0,60.1,True
2019-01-31,184.71,207.639,109.6,1822.774,318.2,24,392.0,43.3,True
2019-02-28,133.73,142.155,110.2,1001.212,249.4,12,226.0,69.5,True
2019-03-31,154.52,113.118,83.35,941.0500000000001,301.4,19,257.0,169.5,True
2019-04-30,169.4,112.12299999999999,96.1,689.05,317.4,22,226.0,190.6,True
2019-05-31,168.04,97.258,104.1,703.562,265.8,26,298.29166667,135.4,True
2019-06-30,151.54,101.627,103.2,610.0,193.0,25,142.0,156.04,True
2019-07-31,181.0,103.541,92.8,620.675,250.6,20,115.0,105.2,True
2019-08-31,181.91,88.269,84.2,518.1,237.0,26,145.0,97.3,True
2019-09-30,161.07,111.437,93.5,984.48,227.8,16,121.416666667,109.1,True
2019-10-31,44.37,37.3,20.65,295.15,86.0,7,37.0,11.129999999999999,False
